Study,Study_ID,BrainBankNetworkID,Brain region,Sample_Name
TREM2,IGFQ000852,BBN_16213,SSC,BBN_16213_SSC_GEN_S1
TREM2,IGFQ000852,BBN_18399,SSC,BBN_18399_SSC_GEN_S1
TREM2,IGFQ000852,BBN_24370,SSC,BBN_24370_SSC_GEN_S1
TREM2,IGFQ000852,BBN_16213,EC,BBN_16213_EC_GEN_S1
TREM2,IGFQ000852,BBN_24370,EC,BBN_24370_EC_GEN_S1
TREM2,IGFQ000852,BBN_21792,SSC,BBN_21792_SSC_GEN_S1
TREM2,IGFQ000852,BBN002.30127,SSC,BBN002_30127_SSC_GEN_S1
TREM2,IGFQ000852,BBN_21792,EC,BBN_21792_EC_GEN_S1
TREM2,IGFQ000852,BBN002.30127,EC,BBN002_30127_EC_GEN_S1
TREM2,IGFQ000852,BBN_24578,SSC,BBN_24578_SSC_GEN_S1
TREM2,IGFQ000852,BBN_9939,SSC,BBN_9939_SSC_GEN_S1
TREM2,IGFQ000852,BBN_18399,EC,BBN_18399_EC_GEN_S1
TREM2,IGFQ000852,BBN_24578,EC,BBN_24578_EC_GEN_S1
TREM2,IGFQ000852,BBN_9939,EC,BBN_9939_EC_GEN_S1
TREM2,IGFQ000852,BBN002.29089,SSC,BBN002_29089_SSC_GEN_S1
TREM2,IGFQ000852,BBN002.29089,EC,BBN002_29089_EC_GEN_S1
TREM2,IGFQ000852,BBN_13802,EC,BBN_13802_EC_GEN_S1
TREM2,IGFQ000852,BBN_9984,SSC,BBN_9984_SSC_GEN_S1
TREM2,IGFQ000852,BBN_9984,EC,BBN_9984_EC_GEN_S1
TREM2,IGFQ000852,BBN_13802,SSC,BBN_13802_SSC_GEN_S1
TREM2,IGFQ000852,BBN_10099,EC,BBN_10099_EC_GEN_S1
TREM2,IGFQ000852,BBN_10099,SSC,BBN_10099_SSC_GEN_S1
TREM2,IGFQ000852,BBN_10109,EC,BBN_10109_EC_GEN_S1
TREM2,IGFQ000852,BBN_10109,SSC,BBN_10109_SSC_GEN_S1
TREM2,IGFQ000883,BBN_16213,SSC,BBN_16213_SSC_UNS_S1
TREM2,IGFQ000883,BBN_18399,SSC,BBN_18399_SSC_UNS_S1
TREM2,IGFQ000883,BBN_24370,SSC,BBN_24370_SSC_UNS_S1
TREM2,IGFQ000883,BBN_21792,SSC,BBN_21792_SSC_UNS_S1
TREM2,IGFQ000883,BBN002.30127,SSC,BBN002_30127_SSC_UNS_S1
TREM2,IGFQ000883,BBN_24578,SSC,BBN_24578_SSC_UNS_S1
TREM2,IGFQ000883,BBN_9939,SSC,BBN_9939_SSC_UNS_S1
TREM2,IGFQ000883,BBN002.29089,SSC,BBN002_29089_SSC_UNS_S1
TREM2,IGFQ000883,BBN_9984,SSC,BBN_9984_SSC_UNS_S1
TREM2,IGFQ000883,BBN_13802,SSC,BBN_13802_SSC_UNS_S1
TREM2,IGFQ000883,BBN_10099,SSC,BBN_10099_SSC_UNS_S1
TREM2,IGFQ000883,BBN_10109,SSC,BBN_10109_SSC_UNS_S1
TREM2,IGFQ000883,BBN_10611,SSC,BBN_10611_SSC_UNS_S1
TREM2,IGFQ000883,BBN_21005,SSC,BBN_21005_SSC_UNS_S1
TREM2,IGFQ000883,BBN002.30035,SSC,BBN002_30035_SSC_UNS_S1
TREM2,IGFQ000883,BBN_18813,SSC,BBN_18813_SSC_UNS_S1
TREM2,IGFQ000883,BBN002.29170,SSC,BBN002_29170_SSC_UNS_S1
TREM2,IGFQ000883,BBN002.26094,SSC,BBN002_26094_SSC_UNS_S1
TREM2,IGFQ000949,BBN_10611,EC,BBN_10611_EC_S1
TREM2,IGFQ000949,BBN_10611,MTG,BBN_10611_MTG_S1
TREM2,IGFQ000949,BBN_10611,SSC,BBN_10611_SSC_S1
TREM2,IGFQ000949,BBN_21005,EC,BBN_21005_EC_S1
TREM2,IGFQ000949,BBN_21005,SSC,BBN_21005_SSC_S1
TREM2,IGFQ000949,BBN_21005,MTG,BBN_21005_MTG_S1
TREM2,IGFQ000949,BBN_18399,SSC,BBN_18399_SSC_S1
TREM2,IGFQ000949,BBN_18399,EC,BBN_18399_EC_S1
TREM2,IGFQ000949,BBN_18399,MTG,BBN_18399_MTG_S1
TREM2,IGFQ000949,BBN_21792,EC,BBN_21792_EC_S1
TREM2,IGFQ000949,BBN_21792,SSC,BBN_21792_SSC_S1
TREM2,IGFQ000949,BBN_21792,MTG,BBN_21792_MTG_S1
TREM2,IGFQ000949,BBN002.30035,SSC,BBN002_30035_SSC_S1
TREM2,IGFQ000949,BBN002.30035,EC,BBN002_30035_EC_S1
TREM2,IGFQ000949,BBN002.30035,MTG,BBN002_30035_MTG_S1
TREM2,IGFQ000949,BBN_16213,EC,BBN_16213_EC_S1
TREM2,IGFQ000949,BBN_16213,MTG,BBN_16213_MTG_S1
TREM2,IGFQ000949,BBN_16213,SSC,BBN_16213_SSC_S1
TREM2,IGFQ000949,BBN002.30127,EC,BBN002_30127_EC_S1
TREM2,IGFQ000949,BBN002.30127,SSC,BBN002_30127_SSC_S1
TREM2,IGFQ000949,BBN002.30127,MTG,BBN002_30127_MTG_S1
TREM2,IGFQ000949,BBN_9939,EC,BBN_9939_EC_S1
TREM2,IGFQ000949,BBN_9939,SSC,BBN_9939_SSC_S1
TREM2,IGFQ000949,BBN_18813,EC,BBN_18813_EC_S1
TREM2,IGFQ000949,BBN_18813,SSC,BBN_18813_SSC_S1
TREM2,IGFQ000949,BBN_18813,MTG,BBN_18813_MTG_S1
TREM2,IGFQ000949,BBN002.26094,EC,BBN002_26094_EC_S1
TREM2,IGFQ000949,BBN002.26094,SSC,BBN002_26094_SSC_S1
TREM2,IGFQ000949,BBN002.26094,MTG,BBN002_26094_MTG_S1
TREM2,IGFQ000949,BBN_9984,SSC,BBN_9984_SSC_S1
TREM2,IGFQ000949,BBN_9984,MTG,BBN_9984_MTG_S1
TREM2,IGFQ000949,BBN_24370,SSC,BBN_24370_SSC_S1
TREM2,IGFQ000949,BBN_24370,EC,BBN_24370_EC_S1
TREM2,IGFQ000949,BBN_24370,MTG,BBN_24370_MTG_S1
TREM2,IGFQ000949,BBN002.29089,EC,BBN002_29089_EC_S1
TREM2,IGFQ000949,BBN002.29089,MTG,BBN002_29089_MTG_S1
TREM2,IGFQ000949,BBN002.29089,SSC,BBN002_29089_SSC_S1
TREM2,IGFQ000949,BBN_13802,SSC,BBN_13802_SSC_S1
TREM2,IGFQ000949,BBN_13802,EC,BBN_13802_EC_S1
TREM2,IGFQ000949,BBN_13802,MTG,BBN_13802_MTG_S1
TREM2,IGFQ000949,BBN002.29170,EC,BBN002_29170_EC_S1
TREM2,IGFQ000949,BBN002.29170,SSC,BBN002_29170_SSC_S1
TREM2,IGFQ000949,BBN_24578,SSC,BBN_24578_SSC_S1
TREM2,IGFQ000949,BBN_24578,EC,BBN_24578_EC_S1
TREM2,IGFQ000949,BBN_24578,MTG,BBN_24578_MTG_S1
TREM2,IGFQ000949,BBN_9984,EC,BBN_9984_EC_S1
TREM2,IGFQ001167,BBN002.30035,SSC,BBN002_30035_SSC_S2
TREM2,IGFQ001167,BBN003.32247,SSC,BBN003_32247_SSC_S1
TREM2,IGFQ001167,BBN_9796,MTG,BBN_9796_MTG_S1
TREM2,IGFQ001167,BBN_7519,SSC,BBN_7519_SSC_S1
TREM2,IGFQ001167,BBN_24610,SSC,BBN_24610_SSC_S1
TREM2,IGFQ001167,BBN_4575,MTG,BBN_4575_MTG_S1
TREM2,IGFQ001167,BBN_13802,SSC,BBN_13802_SSC_S2
TREM2,IGFQ001167,BBN003.32184,SSC,BBN003_32184_SSC_S1
TREM2,IGFQ001167,BBN_9786,MTG,BBN_9786_MTG_S1
TREM2,IGFQ001167,BBN005.29520,SSC,BBN005_29520_SSC_S1
TREM2,IGFQ001167,BBN003.32209,SSC,BBN003_32209_SSC_S1
TREM2,IGFQ001167,BBN003.32235,MTG,BBN003_32235_MTG_S1
TREM2,IGFQ001167,BBN_21792,SSC,BBN_21792_SSC_S2
TREM2,IGFQ001167,BBN_7617,MTG,BBN_7617_MTG_S1
TREM2,IGFQ001167,BBN_9984,SSC,BBN_9984_SSC_S2
TREM2,IGFQ001167,BBN003.32211,SSC,BBN003_32211_SSC_S1
TREM2,IGFQ001167,BBN_24330,SSC,BBN_24330_SSC_S1
TREM2,IGFQ001167,BBN_16213,MTG,BBN_16213_MTG_S2
TREM2,IGFQ001167,BBN_9727,SSC,BBN_9727_SSC_S1
TREM2,IGFQ001167,BBN_24330,MTG,BBN_24330_MTG_S1
TREM2,IGFQ001167,BBN_14795,SSC,BBN_14795_SSC_S1
TREM2,IGFQ001167,BBN003.32212,SSC,BBN003_32212_SSC_S1
TREM2,IGFQ001167,BBN_9953,MTG,BBN_9953_MTG_S1
TREM2,IGFQ001167,BBN_8051,MTG,BBN_8051_MTG_S1
TREM2,IGFQ001167,BBN_7519,MTG,BBN_7519_MTG_S1
TREM2,IGFQ001167,BBN_10611,SSC,BBN_10611_SSC_S2
TREM2,IGFQ001167,BBN003.32181,MTG,BBN003_32181_MTG_S1
TREM2,IGFQ001167,BBN_9779,SSC,BBN_9779_SSC_S1
TREM2,IGFQ001167,BBN002.26094,SSC,BBN002_26094_SSC_S2
TREM2,IGFQ001167,BBN003.32194,SSC,BBN003_32194_SSC_S1
TREM2,IGFQ001167,BBN_7540,MTG,BBN_7540_MTG_S1
TREM2,IGFQ001167,BBN005.29520,MTG,BBN005_29520_MTG_S1
TREM2,IGFQ001167,BBN_18813,SSC,BBN_18813_SSC_S2
TREM2,IGFQ001167,BBN003.32194,MTG,BBN003_32194_MTG_S1
TREM2,IGFQ001167,BBN_11449,MTG,BBN_11449_MTG_S1
TREM2,IGFQ001167,BBN002.30127,SSC,BBN002_30127_SSC_S2
TREM2,IGFQ001167,BBN003.32227,MTG,BBN003_32227_MTG_S1
TREM2,IGFQ001167,BBN003.32211,MTG,BBN003_32211_MTG_S1
TREM2,IGFQ001167,BBN_9939,SSC,BBN_9939_SSC_S2
TREM2,IGFQ001167,BBN_11804,MTG,BBN_11804_MTG_S1
TREM2,IGFQ001167,BBN_24578,SSC,BBN_24578_SSC_S2
TREM2,IGFQ001167,BBN003.32228,MTG,BBN003_32228_MTG_S1
TREM2,IGFQ001167,BBN_15201,MTG,BBN_15201_MTG_S1
TREM2,IGFQ001167,BBN_10099,SSC,BBN_10099_SSC_S1
TREM2,IGFQ001167,BBN_9953,SSC,BBN_9953_SSC_S1
TREM2,IGFQ001167,BBN003.33729,MTG,BBN003_33729_MTG_S1
TREM2,IGFQ001167,BBN_10109,SSC,BBN_10109_SSC_S1
TREM2,IGFQ001167,BBN003.32181,SSC,BBN003_32181_SSC_S1
TREM2,IGFQ001167,BBN_24370,SSC,BBN_24370_SSC_S2
TREM2,IGFQ001167,BBN002.29170,SSC,BBN002_29170_SSC_S2
TREM2,IGFQ001167,BBN003.32205,MTG,BBN003_32205_MTG_S1
TREM2,IGFQ001167,BBN003.32247,MTG,BBN003_32247_MTG_S1
TREM2,IGFQ001167,BBN_21005,SSC,BBN_21005_SSC_S2
TREM2,IGFQ001167,BBN003.32212,MTG,BBN003_32212_MTG_S1
TREM2,IGFQ001167,BBN_15201,SSC,BBN_15201_SSC_S1
TREM2,IGFQ001167,BBN003.32209,MTG,BBN003_32209_MTG_S1
TREM2,IGFQ001167,BBN_18399,SSC,BBN_18399_SSC_S2
TREM2,IGFQ001167,BBN003.32185,MTG,BBN003_32185_MTG_S1
TREM2,IGFQ001167,BBN_9786,SSC,BBN_9786_SSC_S1
TREM2,IGFQ001167,BBN_16213,SSC,BBN_16213_SSC_S2
TREM2,IGFQ001167,BBN003.32196,MTG,BBN003_32196_MTG_S1
TREM2,IGFQ001167,BBN_9727,MTG,BBN_9727_MTG_S1
TREM2,IGFQ001167,BBN_4575,SSC,BBN_4575_SSC_S1
TREM2,IGFQ001167,BBN003.26941,MTG,BBN003_26941_MTG_S1
TREM2,IGFQ001167,BBN002.29089,SSC,BBN002_29089_SSC_S2
TREM2,IGFQ001167,BBN003.32201,MTG,BBN003_32201_MTG_S1
TREM2,IGFQ001167,BBN_9779,MTG,BBN_9779_MTG_S1
TREM2,IGFQ001167,BBN_9796,SSC,BBN_9796_SSC_S1
TREM2,IGFQ001167,BBN003.32261,MTG,BBN003_32261_MTG_S1
TREM2,IGFQ001167,BBN003.32184,MTG,BBN003_32184_MTG_S1
TREM2,IGFQ001167,BBN_24610,MTG,BBN_24610_MTG_S1
TREM2,IGFQ001167,BBN_14795,MTG,BBN_14795_MTG_S1
TREM2,IGFQ001167,BBN_10611,MTG,BBN_10611_MTG_S2
TREM2,IGFQ001167,BBN_21005,MTG,BBN_21005_MTG_S2
TREM2,IGFQ001167,BBN_18399,MTG,BBN_18399_MTG_S2
TREM2,IGFQ001167,BBN_21792,MTG,BBN_21792_MTG_S2
TREM2,IGFQ001167,BBN002.30035,MTG,BBN002_30035_MTG_S2
TREM2,IGFQ001167,BBN002.30127,MTG,BBN002_30127_MTG_S2
TREM2,IGFQ001167,BBN_18813,MTG,BBN_18813_MTG_S2
TREM2,IGFQ001167,BBN002.26094,MTG,BBN002_26094_MTG_S2
TREM2,IGFQ001167,BBN_9984,MTG,BBN_9984_MTG_S2
TREM2,IGFQ001167,BBN_24370,MTG,BBN_24370_MTG_S2
TREM2,IGFQ001167,BBN002.29089,MTG,BBN002_29089_MTG_S2
TREM2,IGFQ001167,BBN_13802,MTG,BBN_13802_MTG_S2
TREM2,IGFQ001167,BBN002.29170,MTG,BBN002_29170_MTG_S1
TREM2,IGFQ001167,BBN_24578,MTG,BBN_24578_MTG_S2
TREM2,IGFQ001167,BBN_10099,MTG,BBN_10099_MTG_S1
TREM2,IGFQ001167,BBN_10109,MTG,BBN_10109_MTG_S1
TREM2,IGFQ001346,BBN003.32261,SSC,BBN003_32261_SSC_GEN_S1
TREM2,IGFQ001346,BBN_13802,MTG,BBN_13802_MTG_GEN_S1
TREM2,IGFQ001346,BBN003.32261,MTG,BBN003_32261_MTG_GEN_S1
TREM2,IGFQ001346,BBN_9779,MTG,BBN_9779_MTG_GEN_S1
TREM2,IGFQ001346,BBN003.32209,EC,BBN003_32209_EC_GEN_S1
TREM2,IGFQ001346,BBN003.32184,EC,BBN003_32184_EC_GEN_S1
TREM2,IGFQ001346,BBN_7540,MTG,BBN_7540_MTG_GEN_S1
TREM2,IGFQ001346,BBN005.29520,MTG,BBN005_29520_MTG_GEN_S1
TREM2,IGFQ001346,BBN003.32181,MTG,BBN003_32181_MTG_GEN_S1
TREM2,IGFQ001346,BBN003.32209,MTG,BBN003_32209_MTG_GEN_S1
TREM2,IGFQ001346,BBN003.32211,MTG,BBN003_32211_MTG_GEN_S1
TREM2,IGFQ001346,BBN_4575,MTG,BBN_4575_MTG_GEN_S1
TREM2,IGFQ001346,BBN_9786,SSC,BBN_9786_SSC_GEN_S1
TREM2,IGFQ001346,BBN_11804,MTG,BBN_11804_MTG_GEN_S1
TREM2,IGFQ001346,BBN_24610,SSC,BBN_24610_SSC_GEN_S1
TREM2,IGFQ001346,BBN_9953,MTG,BBN_9953_MTG_GEN_S1
TREM2,IGFQ001346,BBN_9727,SSC,BBN_9727_SSC_GEN_S1
TREM2,IGFQ001346,BBN_9796,SSC,BBN_9796_SSC_GEN_S1
TREM2,IGFQ001346,BBN003.32211,SSC,BBN003_32211_SSC_GEN_S1
TREM2,IGFQ001346,BBN003.32247,MTG,BBN003_32247_MTG_GEN_S1
TREM2,IGFQ001346,BBN003.32194,SSC,BBN003_32194_SSC_GEN_S1
TREM2,IGFQ001346,BBN_15201,SSC,BBN_15201_SSC_GEN_S1
TREM2,IGFQ001346,BBN_14795,SSC,BBN_14795_SSC_GEN_S1
TREM2,IGFQ001346,BBN003.32184,SSC,BBN003_32184_SSC_GEN_S1
TREM2,IGFQ001346,BBN003.32247,SSC,BBN003_32247_SSC_GEN_S1
TREM2,IGFQ001346,BBN003.32181,SSC,BBN003_32181_SSC_GEN_S1
TREM2,IGFQ001404,BBN003.34161,SSC,BBN003_34161_SSC_S1
TREM2,IGFQ001404,BBN003.28342,SSC,BBN003_28342_SSC_S1
TREM2,IGFQ001404,BBN003.26333,SSC,BBN003_26333_SSC_S1
TREM2,IGFQ001404,BBN_12556,MTG,BBN_12556_MTG_S1
TREM2,IGFQ001404,BBN003.26332,EC,BBN003_26332_EC_S1
TREM2,IGFQ001404,BBN_4575,EC,BBN_4575_EC_S1
TREM2,IGFQ001404,BBN_19214,SSC,BBN_19214_SSC_S1
TREM2,IGFQ001404,BBN_19191,SSC,BBN_19191_SSC_S1
TREM2,IGFQ001404,BBN_7333,EC,BBN_7333_EC_S1
TREM2,IGFQ001404,BBN_7403,EC,BBN_7403_EC_S1
TREM2,IGFQ001404,BBN003.35446,EC,BBN003_35446_EC_S1
TREM2,IGFQ001404,BBN_7404,SSC,BBN_7404_SSC_S1
TREM2,IGFQ001404,BBN_14157,EC,BBN_14157_EC_S1
TREM2,IGFQ001404,BBN003.32295,EC,BBN003_32295_EC_S1
TREM2,IGFQ001404,BBN003.32227,EC,BBN003_32227_EC_S1
TREM2,IGFQ001404,BBN_2414,MTG,BBN_2414_MTG_S1
TREM2,IGFQ001404,BBN003.32196,EC,BBN003_32196_EC_S1
TREM2,IGFQ001404,BBN_7545,MTG,BBN_7545_MTG_S1
TREM2,IGFQ001404,BBN_7403,MTG,BBN_7403_MTG_S1
TREM2,IGFQ001404,BBN_14801,SSC,BBN_14801_SSC_S1
TREM2,IGFQ001404,BBN_12407,MTG,BBN_12407_MTG_S1
TREM2,IGFQ001404,BBN_14157,MTG,BBN_14157_MTG_S1
TREM2,IGFQ001404,BBN_7519,EC,BBN_7519_EC_S1
TREM2,IGFQ001404,BBN_2625,SSC,BBN_2625_SSC_S1
TREM2,IGFQ001404,BBN_14801,EC,BBN_14801_EC_S1
TREM2,IGFQ001404,BBN_7333,MTG,BBN_7333_MTG_S1
TREM2,IGFQ001404,BBN_19214,EC,BBN_19214_EC_S1
TREM2,IGFQ001404,BBN003.28342,MTG,BBN003_28342_MTG_S1
TREM2,IGFQ001404,BBN003.32295,MTG,BBN003_32295_MTG_S1
TREM2,IGFQ001404,BBN_9727,EC,BBN_9727_EC_S1
TREM2,IGFQ001404,BBN003.32185,SSC,BBN003_32185_SSC_S1
TREM2,IGFQ001404,BBN_18791,MTG,BBN_18791_MTG_S1
TREM2,IGFQ001404,BBN003.32261,EC,BBN003_32261_EC_S1
TREM2,IGFQ001404,BBN003.32849,EC,BBN003_32849_EC_S1
TREM2,IGFQ001404,BBN003.34161,EC,BBN003_34161_EC_S1
TREM2,IGFQ001404,BBN_4250,SSC,BBN_4250_SSC_S1
TREM2,IGFQ001404,BBN_9980,MTG,BBN_9980_MTG_S1
TREM2,IGFQ001404,BBN_14801,MTG,BBN_14801_MTG_S1
TREM2,IGFQ001404,BBN_14157,SSC,BBN_14157_SSC_S1
TREM2,IGFQ001404,BBN003.35390,EC,BBN003_35390_EC_S1
TREM2,IGFQ001404,BBN_24308,MTG,BBN_24308_MTG_S1
TREM2,IGFQ001404,BBN003.26332,SSC,BBN003_26332_SSC_S1
TREM2,IGFQ001404,BBN_7545,EC,BBN_7545_EC_S1
TREM2,IGFQ001404,BBN_24279,EC,BBN_24279_EC_S1
TREM2,IGFQ001404,BBN_7545,SSC,BBN_7545_SSC_S1
TREM2,IGFQ001404,BBN_7115,SSC,BBN_7115_SSC_S1
TREM2,IGFQ001404,BBN_7617,EC,BBN_7617_EC_S1
TREM2,IGFQ001404,BBN_18791,EC,BBN_18791_EC_S1
TREM2,IGFQ001404,BBN_15755,SSC,BBN_15755_SSC_S1
TREM2,IGFQ001404,BBN_15304,MTG,BBN_15304_MTG_S1
TREM2,IGFQ001404,BBN_7333,SSC,BBN_7333_SSC_S1
TREM2,IGFQ001404,BBN003.32205,SSC,BBN003_32205_SSC_S1
TREM2,IGFQ001404,BBN003.32212,EC,BBN003_32212_EC_S1
TREM2,IGFQ001404,BBN003.32185,EC,BBN003_32185_EC_S1
TREM2,IGFQ001404,BBN_7404,MTG,BBN_7404_MTG_S1
TREM2,IGFQ001404,BBN_8051,MTG,BBN_8051_MTG_S2
TREM2,IGFQ001404,BBN003.35519,EC,BBN003_35519_EC_S1
TREM2,IGFQ001404,BBN003.32201,EC,BBN003_32201_EC_S1
TREM2,IGFQ001404,BBN003.26333,MTG,BBN003_26333_MTG_S1
TREM2,IGFQ001404,BBN003.32209,EC,BBN003_32209_EC_S1
TREM2,IGFQ001404,BBN_7617,SSC,BBN_7617_SSC_S1
TREM2,IGFQ001404,BBN_7115,MTG,BBN_7115_MTG_S1
TREM2,IGFQ001404,BBN_9601,SSC,BBN_9601_SSC_S1
TREM2,IGFQ001404,BBN003.32235,EC,BBN003_32235_EC_S1
TREM2,IGFQ001404,BBN_6122,EC,BBN_6122_EC_S1
TREM2,IGFQ001404,BBN003.35519,MTG,BBN003_35519_MTG_S1
TREM2,IGFQ001404,BBN_4250,MTG,BBN_4250_MTG_S1
TREM2,IGFQ001404,BBN003.26333,EC,BBN003_26333_EC_S1
TREM2,IGFQ001404,BBN003.32201,SSC,BBN003_32201_SSC_S1
TREM2,IGFQ001404,BBN003.26951,EC,BBN003_26951_EC_S1
TREM2,IGFQ001404,BBN_7403,SSC,BBN_7403_SSC_S1
TREM2,IGFQ001404,BBN_18791,SSC,BBN_18791_SSC_S1
TREM2,IGFQ001404,BBN_9727,MTG,BBN_9727_MTG_S2
TREM2,IGFQ001404,BBN_14795,EC,BBN_14795_EC_S1
TREM2,IGFQ001404,BBN_19214,MTG,BBN_19214_MTG_S1
TREM2,IGFQ001404,BBN003.28342,EC,BBN003_28342_EC_S1
TREM2,IGFQ001404,BBN003.32235,SSC,BBN003_32235_SSC_S1
TREM2,IGFQ001404,BBN_9601,EC,BBN_9601_EC_S1
TREM2,IGFQ001404,BBN_15201,EC,BBN_15201_EC_S1
TREM2,IGFQ001404,BBN_9980,EC,BBN_9980_EC_S1
TREM2,IGFQ001404,BBN_9786,EC,BBN_9786_EC_S1
TREM2,IGFQ001404,BBN_9944,SSC,BBN_9944_SSC_S1
TREM2,IGFQ001404,BBN003.35446,SSC,BBN003_35446_SSC_S1
TREM2,IGFQ001404,BBN003.29735,MTG,BBN003_29735_MTG_S1
TREM2,IGFQ001404,BBN_15304,EC,BBN_15304_EC_S1
TREM2,IGFQ001404,BBN_4186,MTG,BBN_4186_MTG_S1
TREM2,IGFQ001404,BBN_24610,EC,BBN_24610_EC_S1
TREM2,IGFQ001404,BBN003.35519,SSC,BBN003_35519_SSC_S1
TREM2,IGFQ001404,BBN003.35446,MTG,BBN003_35446_MTG_S1
TREM2,IGFQ001404,BBN_9953,EC,BBN_9953_EC_S1
TREM2,IGFQ001404,BBN003.33729,EC,BBN003_33729_EC_S1
TREM2,IGFQ001404,BBN_9779,EC,BBN_9779_EC_S1
TREM2,IGFQ001404,BBN_7554,EC,BBN_7554_EC_S1
TREM2,IGFQ001404,BBN_24330,EC,BBN_24330_EC_S1
TREM2,IGFQ001404,BBN_9760,EC,BBN_9760_EC_S1
TREM2,IGFQ001404,BBN003.32184,EC,BBN003_32184_EC_S1
TREM2,IGFQ001404,BBN003.26951,SSC,BBN003_26951_SSC_S1
TREM2,IGFQ001404,BBN_24279,SSC,BBN_24279_SSC_S1
TREM2,IGFQ001404,BBN003.34161,MTG,BBN003_34161_MTG_S1
TREM2,IGFQ001404,BBN003.32247,EC,BBN003_32247_EC_S1
TREM2,IGFQ001404,BBN_9980,EC,BBN_9980_EC_S2
TREM2,IGFQ001404,BBN003.29735,EC,BBN003_29735_EC_S1
TREM2,IGFQ001404,BBN003.32261,MTG,BBN003_32261_MTG_S2
TREM2,IGFQ001404,BBN_9714,MTG,BBN_9714_MTG_S1
TREM2,IGFQ001404,BBN_4250,EC,BBN_4250_EC_S1
TREM2,IGFQ001404,BBN003.26951,MTG,BBN003_26951_MTG_S1
TREM2,IGFQ001404,BBN_15304,SSC,BBN_15304_SSC_S1
TREM2,IGFQ001404,BBN003.29735,SSC,BBN003_29735_SSC_S1
TREM2,IGFQ001404,BBN003.32211,EC,BBN003_32211_EC_S1
TREM2,IGFQ001404,BBN002.29170,MTG,BBN002_29170_MTG_S2
TREM2,IGFQ001404,BBN_7115,EC,BBN_7115_EC_S1
TREM2,IGFQ001404,BBN_4186,SSC,BBN_4186_SSC_S1
TREM2,IGFQ001404,BBN_9714,EC,BBN_9714_EC_S1
TREM2,IGFQ001404,BBN_7554,SSC,BBN_7554_SSC_S1
TREM2,IGFQ001404,BBN_2625,EC,BBN_2625_EC_S1
TREM2,IGFQ001404,BBN003.32181,EC,BBN003_32181_EC_S1
TREM2,IGFQ001404,BBN_11727,MTG,BBN_11727_MTG_S1
TREM2,IGFQ001404,BBN003.32261,MTG,BBN003_32261_MTG_S3
TREM2,IGFQ001404,BBN003.35390,SSC,BBN003_35390_SSC_S1
TREM2,IGFQ001404,BBN003.32849,SSC,BBN003_32849_SSC_S1
TREM2,IGFQ001404,BBN_6122,MTG,BBN_6122_MTG_S1
TREM2,IGFQ001404,BBN_15196,SSC,BBN_15196_SSC_S1
TREM2,IGFQ001404,BBN_24308,SSC,BBN_24308_SSC_S1
TREM2,IGFQ001404,BBN_7555,SSC,BBN_7555_SSC_S1
TREM2,IGFQ001404,BBN_13802,EC,BBN_13802_EC_S2
TREM2,IGFQ001404,BBN003.32194,EC,BBN003_32194_EC_S1
TREM2,IGFQ001404,BBN003.26941,EC,BBN003_26941_EC_S1
TREM2,IGFQ001404,BBN_24279,MTG,BBN_24279_MTG_S1
TREM2,IGFQ001404,BBN_15196,MTG,BBN_15196_MTG_S1
TREM2,IGFQ001404,BBN_9714,MTG,BBN_9714_MTG_S2
TREM2,IGFQ001404,BBN_24308,EC,BBN_24308_EC_S1
TREM2,IGFQ001404,BBN003.26332,MTG,BBN003_26332_MTG_S1
TREM2,IGFQ001404,BBN003.32295,SSC,BBN003_32295_SSC_S1
TREM2,IGFQ001404,BBN005.29520,EC,BBN005_29520_EC_S1
TREM2,IGFQ001404,BBN_9796,EC,BBN_9796_EC_S1
TREM2,IGFQ001404,BBN003.32205,EC,BBN003_32205_EC_S1
TREM2,IGFQ001404,BBN_7555,SSC,BBN_7555_SSC_S2
TREM2,IGFQ001404,BBN_9601,MTG,BBN_9601_MTG_S1
TREM2,IGFQ001404,BBN_15196,EC,BBN_15196_EC_S1
TREM2,IGFQ001404,BBN003.32228,SSC,BBN003_32228_SSC_S1
TREM2,IGFQ001404,BBN_9760,SSC,BBN_9760_SSC_S1
TREM2,IGFQ001404,BBN_9944,EC,BBN_9944_EC_S1
TREM2,IGFQ001404,BBN_9760,MTG,BBN_9760_MTG_S1
TREM2,IGFQ001404,BBN_7404,EC,BBN_7404_EC_S1
TREM2,IGFQ001404,BBN003.32228,EC,BBN003_32228_EC_S1
TREM2,IGFQ001404,BBN_4186,EC,BBN_4186_EC_S1
TREM2,IGFQ001404,BBN_9944,MTG,BBN_9944_MTG_S1
TREM2,IGFQ001404,BBN_7554,MTG,BBN_7554_MTG_S1
TREM2,IGFQ001404,BBN_7540,SSC,BBN_7540_SSC_S1
TREM2,IGFQ001404,BBN003.33729,SSC,BBN003_33729_SSC_S1
TREM2,IGFQ001404,BBN003.32196,SSC,BBN003_32196_SSC_S1
TREM2,IGFQ001404,BBN003.26941,SSC,BBN003_26941_SSC_S1
TREM2,IGFQ001404,BBN_9727,SSC,BBN_9727_SSC_S2
TREM2,IGFQ001462,BBN_9984,MTG,BBN_9984_MTG_S3
TREM2,IGFQ001462,BBN_9980,MTG,BBN_9980_MTG_S2
TREM2,IGFQ001500,BBN003.32185,SSC,BBN003_32185_SSC_GEN_S1
TREM2,IGFQ001500,BBN003.32185,SSC,BBN003_32185_SSC_UNS_S1
TREM2,IGFQ001500,BBN003.34161,MTG,BBN003_34161_MTG_UNS_S1
TREM2,IGFQ001500,BBN003.34161,MTG,BBN003_34161_MTG_GEN_S1
TREM2,IGFQ001500,BBN003.32295,SSC,BBN003_32295_SSC_UNS_S1
TREM2,IGFQ001500,BBN003.32295,SSC,BBN003_32295_SSC_GEN_S1
TREM2,IGFQ001500,BBN003.28342,MTG,BBN003_28342_MTG_UNS_S1
TREM2,IGFQ001500,BBN003.28342,MTG,BBN003_28342_MTG_GEN_S1
TREM2,IGFQ001500,BBN_7403,MTG,BBN_7403_MTG_UNS_S1
TREM2,IGFQ001500,BBN_7403,MTG,BBN_7403_MTG_GEN_S1
TREM2,IGFQ001500,BBN003.26941,SSC,BBN003_26941_SSC_GEN_S1
TREM2,IGFQ001500,BBN003.26941,SSC,BBN003_26941_SSC_UNS_S1
TREM2,IGFQ001500,BBN003.32228,SSC,BBN003_32228_SSC_UNS_S1
TREM2,IGFQ001500,BBN003.32228,SSC,BBN003_32228_SSC_GEN_S1
TREM2,IGFQ001500,BBN_24279,MTG,BBN_24279_MTG_UNS_S1
TREM2,IGFQ001500,BBN_24279,MTG,BBN_24279_MTG_GEN_S1
TREM2,IGFQ001500,BBN_7545,SSC,BBN_7545_SSC_UNS_S1
TREM2,IGFQ001500,BBN_7545,SSC,BBN_7545_SSC_GEN_S1
TREM2,IGFQ001500,BBN003.32196,SSC,BBN003_32196_SSC_UNS_S1
TREM2,IGFQ001500,BBN003.32196,SSC,BBN003_32196_SSC_GEN_S1
TREM2,IGFQ001500,BBN_7404,MTG,BBN_7404_MTG_UNS_S1
TREM2,IGFQ001500,BBN_7404,MTG,BBN_7404_MTG_GEN_S1
TREM2,IGFQ001500,BBN003.32201,SSC,BBN003_32201_SSC_UNS_S1
TREM2,IGFQ001500,BBN003.32201,SSC,BBN003_32201_SSC_GEN_S1
TREM2,IGFQ001500,BBN003.32235,SSC,BBN003_32235_SSC_UNS_S1
TREM2,IGFQ001500,BBN003.32235,SSC,BBN003_32235_SSC_GEN_S1
TREM2,IGFQ001500,BBN003.32295,MTG,BBN003_32295_MTG_GEN_S1
TREM2,IGFQ001500,BBN003.32295,MTG,BBN003_32295_MTG_UNS_S1
TREM2,IGFQ001500,BBN003.26333,SSC,BBN003_26333_SSC_UNS_S1
TREM2,IGFQ001500,BBN003.26333,SSC,BBN003_26333_SSC_GEN_S1
TREM2,IGFQ001500,BBN003.28342,SSC,BBN003_28342_SSC_GEN_S1
TREM2,IGFQ001500,BBN003.28342,SSC,BBN003_28342_SSC_UNS_S1
TREM2,IGFQ001500,BBN_7545,MTG,BBN_7545_MTG_UNS_S1
TREM2,IGFQ001500,BBN_7545,MTG,BBN_7545_MTG_GEN_S1
TREM2,IGFQ001500,BBN_24279,SSC,BBN_24279_SSC_GEN_S1
TREM2,IGFQ001500,BBN_7115,MTG,BBN_7115_MTG_UNS_S1
TREM2,IGFQ001500,BBN_14801,SSC,BBN_14801_SSC_UNS_S1
TREM2,IGFQ001500,BBN_14801,SSC,BBN_14801_SSC_GEN_S1
TREM2,IGFQ001500,BBN_7115,SSC,BBN_7115_SSC_UNS_S1
TREM2,IGFQ001500,BBN_7115,SSC,BBN_7115_SSC_GEN_S1
TREM2,IGFQ001500,BBN_7404,SSC,BBN_7404_SSC_UNS_S1
TREM2,IGFQ001500,BBN_7404,SSC,BBN_7404_SSC_GEN_S1
TREM2,IGFQ001500,BBN_14801,MTG,BBN_14801_MTG_UNS_S1
TREM2,IGFQ001500,BBN_14801,MTG,BBN_14801_MTG_GEN_S1
TREM2,IGFQ001500,BBN_19214,MTG,BBN_19214_MTG_UNS_S1
TREM2,IGFQ001500,BBN_19214,MTG,BBN_19214_MTG_GEN_S1
TREM2,IGFQ001500,BBN_7403,SSC,BBN_7403_SSC_UNS_S1
TREM2,IGFQ001500,BBN_7403,SSC,BBN_7403_SSC_GEN_S1
TREM2,IGFQ001500,BBN003.33729,SSC,BBN003_33729_SSC_UNS_S1
TREM2,IGFQ001500,BBN003.33729,SSC,BBN003_33729_SSC_GEN_S1
TREM2,IGFQ001500,BBN003.26951,SSC,BBN003_26951_SSC_UNS_S1
TREM2,IGFQ001500,BBN_19214,SSC,BBN_19214_SSC_UNS_S1
TREM2,IGFQ001500,BBN_19214,SSC,BBN_19214_SSC_GEN_S1
TREM2,IGFQ001500,BBN003.32849,SSC,BBN003_32849_SSC_UNS_S1
TREM2,IGFQ001500,BBN003.32849,SSC,BBN003_32849_SSC_GEN_S1
TREM2,IGFQ001500,BBN_7617,SSC,BBN_7617_SSC_UNS_S1
TREM2,IGFQ001500,BBN_7617,SSC,BBN_7617_SSC_GEN_S1
TREM2,IGFQ001500,BBN003.34161,SSC,BBN003_34161_SSC_UNS_S1
TREM2,IGFQ001500,BBN003.34161,SSC,BBN003_34161_SSC_GEN_S1
TREM2,IGFQ001500,BBN003.26951,MTG,BBN003_26951_MTG_GEN_S1
TREM2,IGFQ001500,BBN003.26951,MTG,BBN003_26951_MTG_UNS_S1
TREM2,IGFQ001509,BBN_9984,MTG,BBN_9984_MTG_S4
TREM2,IGFQ001529,BBN_21005,MTG,
TREM2,IGFQ001529,BBN_18399,MTG,
TREM2,IGFQ001529,BBN002.30035,MTG,
TREM2,IGFQ001529,BBN_16213,MTG,
TREM2,IGFQ001529,BBN002.29089,MTG,
TREM2,IGFQ001529,BBN002.29170,MTG,
TREM2,IGFQ001546,BBN_9980,MTG,
TREM2,IGFQ001546,BBN_9984,MTG,
TREM2,IGFQ001546,BBN_9980,MTG,
TREM2,IGFQ001546,BBN_9984,MTG,
TREM2,IGFQ001651,BBN_7540,SSC,BBN_7540_SSC_GEN_S1
TREM2,IGFQ001651,BBN003.32205,SSC,BBN003_32205_SSC_GEN_S1
TREM2,IGFQ001651,BBN_24330,MTG,BBN_24330_MTG_GEN_S1
TREM2,IGFQ001651,BBN003.32185,MTG,BBN003_32185_MTG_GEN_S1
TREM2,IGFQ001651,BBN003.32212,MTG,BBN003_32212_MTG_GEN_S1
TREM2,IGFQ001651,BBN003.32196,MTG,BBN003_32196_MTG_GEN_S1
TREM2,IGFQ001651,BBN_9786,MTG,BBN_9786_MTG_GEN_S1
TREM2,IGFQ001651,BBN003.32235,MTG,BBN003_32235_MTG_GEN_S1
TREM2,IGFQ001651,BBN_7519,MTG,BBN_7519_MTG_GEN_S1
TREM2,IGFQ001651,BBN003.32205,MTG,BBN003_32205_MTG_GEN_S1
TREM2,IGFQ001651,BBN_11449,MTG,BBN_11449_MTG_GEN_S1
TREM2,IGFQ001651,BBN003.32227,MTG,BBN003_32227_MTG_GEN_S1
TREM2,IGFQ001651,BBN003.32228,MTG,BBN003_32228_MTG_GEN_S1
TREM2,IGFQ001651,BBN003.33729,MTG,BBN003_33729_MTG_GEN_S1
TREM2,IGFQ001651,BBN_9796,MTG,BBN_9796_MTG_GEN_S1
TREM2,IGFQ001651,BBN003.32212,SSC,BBN003_32212_SSC_GEN_S1
TREM2,IGFQ001651,BBN_18813,SSC,BBN_18813_SSC_GEN_S1
TREM2,IGFQ001651,BBN_10611,SSC,BBN_10611_SSC_GEN_S1
TREM2,IGFQ001651,BBN_7554,MTG,BBN_7554_MTG_GEN_S1
TREM2,IGFQ001651,BBN002.29170,SSC,BBN002_29170_SSC_GEN_S1
TREM2,IGFQ001651,BBN002.26094,MTG,BBN002_26094_MTG_GEN_S1
TREM2,IGFQ001651,BBN_24370,MTG,BBN_24370_MTG_GEN_S1
TREM2,IGFQ001651,BBN_24330,SSC,BBN_24330_SSC_GEN_S1
TREM2,IGFQ001651,BBN_24330,SSC,BBN_24330_SSC_UNS_S1
TREM2,IGFQ001651,BBN002.26094,SSC,BBN002_26094_SSC_GEN_S1
TREM2,IGFQ001651,BBN_9939,MTG,BBN_9939_MTG_GEN_S1
TREM2,IGFQ001651,BBN_9939,MTG,BBN_9939_MTG_UNS_S1
TREM2,IGFQ001651,BBN_24610,MTG,BBN_24610_MTG_GEN_S1
TREM2,IGFQ001651,BBN_9786,MTG,BBN_9786_MTG_UNS_S1
TREM2,IGFQ001651,BBN003.32184,MTG,BBN003_32184_MTG_GEN_S1
TREM2,IGFQ001651,BBN005.29520,SSC,BBN005_29520_SSC_GEN_S1
TREM2,IGFQ001651,BBN_10611,MTG,BBN_10611_MTG_GEN_S1
TREM2,IGFQ001651,BBN_8051,MTG,BBN_8051_MTG_GEN_S1
TREM2,IGFQ001651,BBN_18399,MTG,BBN_18399_MTG_GEN_S1
TREM2,IGFQ001651,BBN_21792,MTG,BBN_21792_MTG_GEN_S1
TREM2,IGFQ001651,BBN_21005,MTG,BBN_21005_MTG_GEN_S1
TREM2,IGFQ001651,BBN002.29170,MTG,BBN002_29170_MTG_GEN_S1
TREM2,IGFQ001651,BBN_10099,MTG,BBN_10099_MTG_GEN_S1
TREM2,IGFQ001651,BBN002.30035,MTG,BBN002_30035_MTG_GEN_S1
TREM2,IGFQ001651,BBN_16213,MTG,BBN_16213_MTG_GEN_S1
TREM2,IGFQ001651,BBN002.29089,MTG,BBN002_29089_MTG_GEN_S1
TREM2,IGFQ001651,BBN_9984,MTG,BBN_9984_MTG_GEN_S1
TREM2,IGFQ001651,BBN_24578,MTG,BBN_24578_MTG_GEN_S1
TREM2,IGFQ001651,BBN002.30035,SSC,BBN002_30035_SSC_GEN_S1
TREM2,IGFQ001651,BBN_18813,MTG,BBN_18813_MTG_GEN_S1
TREM2,IGFQ001651,BBN_21005,SSC,BBN_21005_SSC_GEN_S1
TREM2,IGFQ001651,BBN002.30127,MTG,BBN002_30127_MTG_GEN_S1
TREM2,IGFQ001663,BBN_9984,EC,
TREM2,IGFQ001663,BBN_9984,EC,
